First Name,Last Name,email
Sarah,Williams,sarahwilliams@e-corp.com
James,Foster,jamesfoster@e-corp.com
Emily,Carter,emilycarter@e-corp.com
John,Doe,johndoe@e-corp.com
Sam,Pointer,sampointer@e-corp.com
